1;27;Nixon Abraham;abranixo5269;Abr.NIXON8879@live.com;1969-01-14;7371 Malden;Tampa;United States;33399;FL;(703) 425-6253
2;972;Elliott Andres;andrelli6231;And.ELLI4092@hushmail.com;1970-09-21;4785 Levee;Murfreesboro;United States;37151;TN;(980) 901-7058
3;915;Williamson Hayden;haydenwilliamson7548;Hayd.WILLIA4328@live.com;1951-10-20;2270 Charles;Charlotte;United States;28848;NC;(228) 964-7500
4;970;Cruz Alana;alanacruz7621;Ala.CR3478@mail2web.com;1980-09-26;2612 Lsd Foster Av;Austin;United States;78242;TX;(323) 869-8809
5;558;West Darwin;darwinwe1071;Dar.WE3311@live.com;1950-07-31;2956 Thatcher;Bridgeport;United States;06673;CT;(848) 556-9664
6;215;Hanson Daphne;daphhans4194;Daphn.HANSON9885@gmail.com;1997-05-16;7251 Dauphin;Irvine;United States;92671;CA;(808) 735-8694
7;223;Mcleod Iliana;ilianamcle4492;Ilia.MCLEOD1349@mail2web.com;1969-01-07;2681 Mclean;Fargo;United States;58035;ND;(747) 399-8518
8;364;Huff Patrick;patrihu3272;Patri.HUFF7266@gmail.com;1979-07-09;7939 Stevenson Ob Dan Ryan;Santa Ana;United States;92611;CA;(386) 552-7602
9;68;Schneider Alena;alenaschneid8288;Alena.SCHNEID5520@gmail.com;1964-04-17;7912 Kolin;Modesto;United States;95324;CA;(918) 709-2526
10;689;Barber Ashlyn;ashlbar4133;Ash.BARBER1634@live.com;1980-05-13;1886 Farwell;Baltimore;United States;21695;MD;(740) 823-7931
11;386;Clements Bently;bentlyclem9701;Bentl.CLEMENTS5280@gmail.com;1955-08-23;1972 137th;Clarksville;United States;37053;TN;(406) 618-9177
12;513;Hodges Kendrick;kendrichodge3033;Kendri.HODG5183@mail2web.com;1958-12-14;4169 Ridge;Charlotte;United States;28610;NC;(919) 141-6526
13;310;Hill Gwendolyn;gwendolhill5573;Gwen.HIL4950@gmail.com;1996-07-28;3821 Edens;Birmingham;United States;35034;AL;(530) 884-3519
14;333;Vang Phoenix;phoenva4489;Phoen.VANG4828@gmail.com;1963-08-29;1799 Henke;Winston-salem;United States;27162;NC;(870) 996-2296
15;889;Rutledge Callan;callanrutle9851;Cal.RUTLED7965@gmail.com;1991-05-20;4951 Oswego;Portland;United States;97615;OR;(612) 146-3964
16;198;Fisher Adrien;adrfisher8835;Adr.FISHER4527@mail2web.com;1979-08-17;627 Paulina;Durham;United States;27031 ;NC;(512) 345-2421
17;94;Tran Lilith;lilittran7629;Lil.TRA9793@hushmail.com;1950-06-20;7380 68th;Sterling Heights;United States;48310;MI;(214) 658-5393
18;174;Ballard Elliot;ellballar9357;Ellio.BALLARD7093@hushmail.com;1970-11-25;1921 Benson;Corpus Christi;United States;78825;TX;(202) 216-9540
19;724;Vang Ariana;ariavan8828;Aria.VAN5859@gmail.com;1983-07-29;2631 Huntington;Los Angeles;United States;90651;CA;(701) 661-0597
20;810;Wise Cristopher;cristophewise8761;Cristopher.WIS1147@mail2web.com;1990-03-28;2475 Leoti;Surprise;United States;85316;AZ;(208) 244-0411
